{
  "Add": [
    {
      "Type": "box",
      "Size": 128,
      "Position":	[10570, 10776, 626],
      "Gravity": 0.3,
      "Angle": [0, 0, 0],
      "OBBMin": [-131, -128, -60],
      "OBBMax": [131, 128, 60],
      "Priority": 2,
      "Name": "Station 457 (Airlock)"
    },
    {
      "Type": "box",
      "Size": 1024,
      "Gravity": 0.3,
      "Position":	[9418, 10836, 558],
      "Angle": [0, 0, 0],
      "OBBMin":	[1016, 1021, 248],
      "OBBMax":	[-1016, -1021, -248],
      "Priority": 4,
      "Name": "Station 457 (Body)"
    },
    {
      "Type": "custom",
      "Size": 500,
      "Gravity": 0.3,
      "Position":[9406.576171875,10898.17578125,994.4210205078125],
      "Vertices":[[11.423828125,701.82421875,-164.4210205078125],[9.4873046875,94.62109375,294.7789306640625],[11.4072265625,-595.7724609375,175.5789794921875],[-531.576171875,-601.17578125,-56.4210205078125],[548.7705078125,-595.482421875,-164.4210205078125],[391.443359375,321.921875,175.5789794921875],[-364.7099609375,317.921875,175.5789794921875],[-525.916015625,479.123046875,-56.4210205078125],[771.423828125,-58.17578125,-164.4210205078125],[489.267578125,-535.9638671875,59.5789794921875],[11.423828125,-818.17578125,-164.4210205078125],[687.22265625,-58.17578125,59.5789794921875],[554.423828125,-601.17578125,-56.4210205078125],[-525.92578125,-595.4755859375,-164.4210205078125],[120.0234375,-166.775390625,294.7789306640625],[391.5234375,-438.271484375,175.5789794921875],[11.423828125,-211.77734375,294.7789306640625],[165.0234375,-58.17578125,294.7789306640625],[-96.0322265625,49.326171875,294.7789306640625],[11.314453125,610.6240234375,59.5789794921875],[548.7724609375,479.1240234375,-164.4210205078125],[-526.17578125,-58.17578125,175.5789794921875],[779.423828125,-58.17578125,-56.4210205078125],[-756.576171875,-58.17578125,-56.4210205078125],[-142.1767578125,-58.17578125,294.7789306640625],[-96.0205078125,-165.689453125,294.7789306640625],[11.423828125,701.82421875,-56.4210205078125],[-461.396484375,414.724609375,59.5789794921875],[118.8955078125,49.318359375,294.7789306640625],[-748.576171875,-58.17578125,-164.4210205078125],[-664.4189453125,-58.17578125,59.5789794921875],[11.423828125,-733.9765625,59.5789794921875],[554.423828125,484.82421875,-56.4210205078125],[492.79296875,411.1279296875,59.5789794921875],[-525.916015625,479.1240234375,-164.4210205078125],[549.0546875,-58.275390625,175.5789794921875],[11.4892578125,473.82421875,175.5789794921875],[-469.9345703125,-527.4873046875,59.5789794921875],[11.423828125,-826.17578125,-56.4210205078125],[489.26171875,419.6259765625,59.5789794921875],[-368.595703125,-438.275390625,175.5789794921875],[-466.4375,-535.9736328125,59.5789794921875]],
      "Piroity": 3,
      "Name": "Station 457 (Dome)"
    },
    {
      "Type": "box",
      "Size": 1500,
      "Gravity": 0.3,
      "Position":	[9418, 9053, 422],
      "Angle":	[0, 0, 0],
      "OBBMin":	[-1520, -747, -376],
      "OBBMax":	[1520, 747, 376],
      "Priority": 2,
      "Name": "Station 457 (Bay)"
    }
  ],
  "Remove": [
    "station 457"
  ],
  "Protect": [
    "spawn room",
    "shakuras",
    "station 457",
    "dunomane"
  ]
}
